[
    {
        "label": "Afghanistan (+93)",
        "value": "+93"
    },
    {
        "label": "Albania (+355)",
        "value": "+355"
    },
    {
        "label": "Algeria (+213)",
        "value": "+213"
    },
    {
        "label": "Andorra (+376)",
        "value": "+376"
    },
    {
        "label": "Angola (+244)",
        "value": "+244"
    },
    {
        "label": "Argentina (+54)",
        "value": "+54"
    },
    {
        "label": "Armenia (+374)",
        "value": "+374"
    },
    {
        "label": "Australia (+61)",
        "value": "+61"
    },
    {
        "label": "Austria (+43)",
        "value": "+43"
    },
    {
        "label": "Azerbaijan (+994)",
        "value": "+994"
    },
    {
        "label": "Bahrain (+973)",
        "value": "+973"
    },
    {
        "label": "Bangladesh (+880)",
        "value": "+880"
    },
    {
        "label": "Belarus (+375)",
        "value": "+375"
    },
    {
        "label": "Belgium (+32)",
        "value": "+32"
    },
    {
        "label": "Belize (+501)",
        "value": "+501"
    },
    {
        "label": "Benin (+229)",
        "value": "+229"
    },
    {
        "label": "Bhutan (+975)",
        "value": "+975"
    },
    {
        "label": "Bolivia (+591)",
        "value": "+591"
    },
    {
        "label": "Bosnia and Herzegovina (+387)",
        "value": "+387"
    },
    {
        "label": "Botswana (+267)",
        "value": "+267"
    },
    {
        "label": "Brazil (+55)",
        "value": "+55"
    },
    {
        "label": "Bulgaria (+359)",
        "value": "+359"
    },
    {
        "label": "Burkina Faso (+226)",
        "value": "+226"
    },
    {
        "label": "Burundi (+257)",
        "value": "+257"
    },
    {
        "label": "Cambodia (+855)",
        "value": "+855"
    },
    {
        "label": "Cameroon (+237)",
        "value": "+237"
    },
    {
        "label": "Canada (+1)",
        "value": "+1"
    },
    {
        "label": "China (+86)",
        "value": "+86"
    },
    {
        "label": "Colombia (+57)",
        "value": "+57"
    },
    {
        "label": "Costa Rica (+506)",
        "value": "+506"
    },
    {
        "label": "Croatia (+385)",
        "value": "+385"
    },
    {
        "label": "Cuba (+53)",
        "value": "+53"
    },
    {
        "label": "Cyprus (+357)",
        "value": "+357"
    },
    {
        "label": "Czech Republic (+420)",
        "value": "+420"
    },
    {
        "label": "Denmark (+45)",
        "value": "+45"
    },
    {
        "label": "Djibouti (+253)",
        "value": "+253"
    },
    {
        "label": "Dominican Republic (+1)",
        "value": "+1"
    },
    {
        "label": "Ecuador (+593)",
        "value": "+593"
    },
    {
        "label": "Egypt (+20)",
        "value": "+20"
    },
    {
        "label": "El Salvador (+503)",
        "value": "+503"
    },
    {
        "label": "Estonia (+372)",
        "value": "+372"
    },
    {
        "label": "Ethiopia (+251)",
        "value": "+251"
    },
    {
        "label": "Finland (+358)",
        "value": "+358"
    },
    {
        "label": "France (+33)",
        "value": "+33"
    },
    {
        "label": "Germany (+49)",
        "value": "+49"
    },
    {
        "label": "Greece (+30)",
        "value": "+30"
    },
    {
        "label": "Hungary (+36)",
        "value": "+36"
    },
    {
        "label": "India (+91)",
        "value": "+91"
    },
    {
        "label": "Indonesia (+62)",
        "value": "+62"
    },
    {
        "label": "Ireland (+353)",
        "value": "+353"
    },
    {
        "label": "Israel (+972)",
        "value": "+972"
    },
    {
        "label": "Italy (+39)",
        "value": "+39"
    },
    {
        "label": "Japan (+81)",
        "value": "+81"
    },
    {
        "label": "Kenya (+254)",
        "value": "+254"
    },
    {
        "label": "Mexico (+52)",
        "value": "+52"
    },
    {
        "label": "Netherlands (+31)",
        "value": "+31"
    },
    {
        "label": "New Zealand (+64)",
        "value": "+64"
    },
    {
        "label": "Nigeria (+234)",
        "value": "+234"
    },
    {
        "label": "Pakistan (+92)",
        "value": "+92"
    },
    {
        "label": "Philippines (+63)",
        "value": "+63"
    },
    {
        "label": "Poland (+48)",
        "value": "+48"
    },
    {
        "label": "Portugal (+351)",
        "value": "+351"
    },
    {
        "label": "Russia (+7)",
        "value": "+7"
    },
    {
        "label": "Saudi Arabia (+966)",
        "value": "+966"
    },
    {
        "label": "Singapore (+65)",
        "value": "+65"
    },
    {
        "label": "South Africa (+27)",
        "value": "+27"
    },
    {
        "label": "Spain (+34)",
        "value": "+34"
    },
    {
        "label": "Sri Lanka (+94)",
        "value": "+94"
    },
    {
        "label": "Sweden (+46)",
        "value": "+46"
    },
    {
        "label": "Switzerland (+41)",
        "value": "+41"
    },
    {
        "label": "Turkey (+90)",
        "value": "+90"
    },
    {
        "label": "Ukraine (+380)",
        "value": "+380"
    },
    {
        "label": "United Arab Emirates (+971)",
        "value": "+971"
    },
    {
        "label": "United Kingdom (+44)",
        "value": "+44"
    },
    {
        "label": "United States (+1)",
        "value": "+1"
    },
    {
        "label": "Vietnam (+84)",
        "value": "+84"
    }
]